n_S,ksV,ksD,k2I,k2M,kn2M,kBM,knBM,k13I,k13IV,k13ID,k3A_c,k3I_c,k3I_n,k13_c,kn13_c,k13_n,kn13_n,k1in,k1out,k3inA,k3outA,k3inI,k3outI
7,11.67245386,0.96520606,4.947912368,1604.150283,0.042542555,0.058955571,2.412620893,0.092293047,2484.263422,25.1353459,30.7030517,0.012479519,1.486962141,233.8066917,220.9151423,461.0270089,0.595848762,3.196651589,5967.990312,1.024908423,0.048990375,0.037957422,0.123308493
7,11.67245386,0.96520606,4.947912368,1604.150283,0.042542555,0.058955571,2.412620893,0.092293047,2484.263422,25.1353459,30.7030517,0.012479519,1.486962141,233.8066917,220.9151423,461.0270089,0.595848762,3.196651589,5967.990312,1.024908423,0.048990375,0.037957422,0.123308493
15,393.5553858,0.01586346,0.079918201,3536.520938,0.051692649,12.18214141,176.0981546,0.038084795,18.14467869,1089.874983,0.09009124,0.353425439,0.01030353,2143.004183,283.3309843,2475.328559,35.22621262,0.097083714,1.094658408,1.375775376,0.037922428,0.524908227,284.2623728
15,0.760287854,0.412401395,0.026595458,8.632839458,0.175586325,0.096831757,7959.439873,0.049133444,406.0287323,0.027794041,18.40356842,0.772062696,0.013160836,287.8988058,67.17413824,13.61547072,0.031057969,16.9922813,1351.592282,16.94771401,5.872964019,0.023745964,3.4955471
3,1.83832669,3.023804797,0.141257236,391.1488665,0.016170859,0.01155122,96.81958071,0.700797397,2059.512954,0.016691568,28.45006203,0.148198229,0.295117504,41.26706878,4405.068044,40.47129449,1269.963738,161.8562334,238.8216558,1.034897773,0.040014991,0.277018895,132.7357204
11,1.608249551,0.101483779,0.029718546,884.433567,5.022392745,1.064683686,7192.410754,1.535609288,2781.96186,122.517806,7.372954326,2.139674774,0.054475661,2.542545934,428.1327797,7.121869407,1.370945404,0.095662081,13.18098427,0.216287248,0.031341006,5.883332464,59.23950563
11,54.88364946,0.014274139,60.65465819,5.25966468,0.43438862,0.663187328,278.0674462,0.069858405,6671.809658,50.00640728,37.207259,331.0837254,4059.923914,708.6652249,4413.177514,1.790396396,0.123073776,0.039170133,2.440598232,91.97288055,0.309746448,0.010395965,2.17280625
11,0.030990966,0.094908108,0.233290878,946.988882,0.071235526,3.777877965,1085.245724,0.298804276,1316.959131,31.77958758,8.763717076,0.046089832,1.263740323,139.7415928,3998.302465,10.12074125,1.188595202,23.0858817,2634.221334,4.083689214,0.108107478,125.3169213,1015.338625
1,3.406259396,0.029587785,2.251167256,334.3592763,0.040325037,0.128926512,0.214891735,0.412788418,769.9640199,797.4290214,1.384380744,0.018489687,0.012776724,912.4705094,95.59055661,20.53300666,0.160565201,0.026248556,1.442478568,1289.46534,12.9634148,2.298122829,93.09095486
3,113.4625718,2.199205862,27.18886063,1256.350468,31.67299546,0.052713567,5.962908877,0.445298784,9037.907363,2774.411861,0.806324115,0.214706109,0.363074619,283.2355064,724.3251961,85.98986449,2.70507947,4.397503471,50.71115388,28.17382041,2.000914841,0.035388626,4861.133838
11,10.51054744,0.033175947,0.034928658,5779.226662,0.014594357,48.4893858,22.73073841,0.029325627,97.55840984,12.1918231,0.735422124,0.759350853,0.054343722,830.3425337,166.5919322,712.7640419,0.984178964,0.138578066,16.62403969,10.18450268,2.400713787,7.909322472,47.98142988
3,633.7587903,0.011901799,504.0142442,26.01596398,6.462989584,0.339630324,1612.104855,20.19458121,2319.048318,260.4823122,0.139599637,70.90020755,0.018868998,339.8773906,4261.181351,9097.770233,10.38962969,0.072974913,962.1408682,277.4001944,0.051824505,5.206711882,52.99570132
5,6114.348522,1.375493644,1.462217267,3526.018423,240.2010477,0.015703299,3600.811137,0.023679835,2409.826134,58.4249983,1.48578951,0.038022251,0.120855817,1205.711166,17.05960613,1723.858263,0.13983356,7.936603593,1652.490999,7994.76826,1315.733031,53.27530918,60.05693513
3,2377.511122,1.242836504,27.78644286,2923.38698,0.054073367,0.013062485,1.29230117,11.28990225,1410.533016,18.35701682,1.003816135,0.012987577,0.069331882,9905.344009,227.9889669,56.23683781,0.921241007,0.24074482,0.378419479,703.1905959,4.243418232,2.181354956,4750.601038
7,106.2508206,0.481359792,22.98958555,5338.07196,0.039403846,80.227734,320.6950921,0.077951039,1315.273298,1705.215262,0.345629784,0.215499017,0.037655145,3616.002088,3372.782048,4006.138628,0.413032418,0.239726067,4754.994976,228.6185971,4.905839043,49.37449522,7075.422674
9,0.01442788,0.011947439,2.478066319,344.7579365,0.292247491,0.034899347,1104.679242,0.017820853,11.20091912,26.59664054,0.060729908,0.015654473,0.025614392,30.26916275,21.12197863,2210.283054,43.12338843,1.810393879,75.53773238,37.66074514,0.338284051,50.1476539,152.0192117
3,2.622167267,0.679950252,4.601840711,10.24554166,0.779579496,0.042283622,7.947767953,0.010755455,795.5613264,353.0205899,2.930991032,1.274011514,1178.375649,118.2281107,310.66308,69.00499863,21.1942756,17.98244224,91.95181517,0.71971558,0.409057247,0.010723627,0.116752642
5,7.389256151,0.030770186,5.349743878,2668.300008,0.163939318,0.01710063,563.0377666,0.280380962,7065.73242,248.4179555,2.335040049,10.97384152,0.083000706,206.9122,1477.4194,8.796824132,5.802124934,10.81644503,20.02423566,2625.998888,233.2244937,0.212573849,64.11573387
3,3.321792194,0.028049974,9.041113674,252.2999982,1.296993095,0.025468771,3811.841745,0.396052388,7431.568075,28.88188583,0.04770628,0.01422241,0.02064222,677.2795799,2883.61673,10.56501629,0.145577705,0.037156949,1.629229084,933.9244441,20.57303199,0.024284699,9816.126413
7,6.145549548,0.250203531,457.4769899,406.0693399,0.119246171,0.015293572,2.342430468,0.038936374,1566.154564,52.26635986,4.798653058,2.477240301,0.010453248,620.6419823,9825.078365,1499.260857,32.8222809,0.945138593,1321.845565,15.70604453,0.095498004,0.011788053,0.141824957
7,4970.67491,1.247954177,0.026155488,58.70625432,1.522484944,0.264680425,121.8809084,11.11048768,918.0294105,12.9785723,0.946163972,0.430543141,0.557080328,2603.133677,1778.553138,171.1322845,1.149976869,74.15144737,920.7718488,9168.352923,1150.192976,0.013510006,3.561719132
3,5.836183682,0.834433008,1973.087325,1301.746367,1.14934543,0.028490198,384.1118715,0.025596549,2323.480137,423.8410936,4.423586779,5.235144722,0.243156043,273.8128729,340.9809476,1100.866829,4.209620635,26.01637763,3225.000251,1002.527823,112.0230697,0.127311009,6.303947208
13,1479.505379,0.025546337,8.795224455,94.60453861,0.032084648,4212.984822,858.2821647,9.489170898,737.4072978,916.3044083,0.362133784,4.911072655,0.013435604,22.32113456,500.1559343,2.773424555,0.02919087,0.313721314,169.1522899,377.2432272,8.731605308,0.596566282,125.6317379
5,5493.279312,0.035091725,0.05179116,22.47213629,0.019940389,0.023296762,18.52835943,0.016990456,2622.628464,281.7745608,0.469885841,0.081799606,0.022182494,1.873929611,23.04917484,0.346164041,0.292438936,59.509744,581.511603,0.492801577,0.227923714,0.010006031,3.569918532
5,25.08798139,0.018415555,0.026846888,1938.8866,0.975848793,1.616120057,454.8938074,0.105919391,69.02879151,90.28583398,0.240221598,0.176876553,0.015449811,408.5630532,1195.401042,1362.05309,1.335255821,0.217831092,115.6145354,6.968569216,1.63716386,316.5951537,3031.264278
9,15.68150012,0.190607118,0.684739538,1276.903654,0.019959519,60.02752191,8.166007396,2.44224391,2025.657095,1397.172814,25.69407918,0.380818888,1992.890574,2330.310026,7548.605162,0.058784238,0.011834327,108.7343321,1828.194653,9.503296487,0.094109159,0.033007972,0.863338643
3,0.047102093,0.848135662,4.822037967,26.03403017,0.022325037,0.060143947,9023.865207,0.144881618,1669.809966,270.9615076,0.286162927,0.185067027,0.062360282,553.0937158,145.9499001,32.85432004,0.71567404,150.6730106,3693.345745,421.7642654,1.731560747,2238.421789,6182.728784
15,630.332753,1.392891059,0.059905791,5202.988828,0.03286405,2385.449942,1123.236588,0.023440381,2455.008941,6024.74873,0.097992011,0.097049546,0.011691498,169.2147211,8.876106507,857.7685542,1.195456675,0.061291374,1.536643314,0.333760382,0.011012629,0.073219582,107.7257565
13,0.094810375,0.021860235,0.609318292,68.78167596,0.016719354,0.095378127,443.0876792,0.072909556,1831.941783,1.309853129,1.784290291,0.012053853,0.017639658,107.81385,1208.353915,5089.160529,328.3366118,43.45668435,4886.33945,23.38942397,10.21934899,0.130258571,0.396870146
1,307.4280018,62.6201981,2.699511553,7862.954713,24.44979969,0.925682016,64.76470011,13.98424367,2389.19298,56.6080584,393.6846678,4.027726109,0.274573627,2565.526022,2389.891681,5848.06254,62.94116952,2.355957761,475.7389255,3254.680655,641.6601337,3.435446035,1012.735322
3,0.24651637,0.015426091,0.023656128,6591.402541,0.017094822,3.428004796,13.4360797,3.39417807,2205.8202,7.791553423,99.58021898,16.84384742,0.703874502,1728.933696,1655.919655,6.909028564,0.176484778,0.016259843,0.886104711,32.04089219,6.023651733,6.288268324,6.628285329
1,3139.040769,0.07862005,33.15645506,3.848178496,2.830954318,0.227733383,9696.890692,0.025924788,558.4919788,184.1119778,0.464142902,0.140039676,0.012225464,286.4571403,4943.75826,2.643428446,0.150817696,0.546390126,30.73559239,134.1031236,28.32945158,0.336118422,84.6723966
15,5.242006817,0.012535928,32.59376233,1338.101625,0.013176783,0.01038887,2.029786577,1.613943136,884.1550887,2.74202121,12.29049996,7.512677681,4.784119871,4915.255982,371.5825064,21.92598779,0.161531758,2.549060829,56.2143946,1340.167593,231.9521635,0.60437754,2.881799518
9,164.1806724,0.425620417,791.0029804,2370.174798,36.72702005,0.017047877,18.21419198,0.813243196,801.8319923,2296.584989,1.761272925,0.035630011,0.030636146,51.42598914,4364.946465,11.84246607,11.20967138,9.167362961,98.91908837,0.086654816,0.01166453,0.26285228,615.1766141
7,819.6985055,0.412931489,433.8115489,10.88751294,0.01026539,0.098965309,394.2529465,0.044636625,941.1451859,9858.325452,0.088208951,0.032199504,0.010626605,573.1913722,7.768844537,47.51015886,0.158573365,16.47836595,52.66378261,1030.083595,45.26097232,6.957806333,9032.216274
7,0.540847791,0.197438014,0.335251471,1937.274505,77.81349326,9.394783236,8877.147812,0.621711371,548.2513081,103.5712546,0.283646758,2.520548252,0.047729494,107.1290266,145.6351139,2624.662525,8985.140155,268.0288767,325.4659474,1833.368056,1.299130492,0.109890749,3217.430831
7,36.28441223,0.041823437,1.459047539,13.23760911,70.4872541,0.071377935,2017.178412,0.026276044,5423.149111,932.3346782,4.49831872,0.787505241,0.021813716,380.3355008,90.97975209,4.087056309,0.302990101,9.104467388,78.17763996,1.258619787,0.04714613,0.061970077,172.224024
1,2687.563257,597.4467977,0.148493697,346.9557149,23.13063521,0.042144137,1271.923535,0.172673629,9672.59095,80.76085055,0.570666162,0.061869941,0.014451903,110.7356041,2938.718845,204.8727732,32.13116504,497.840903,3337.001612,29.15803745,1.111765977,0.134845621,1254.262582
1,0.477130551,0.845999614,0.03144491,22.20857699,0.026044837,2.644735949,109.2825531,16.92147051,6097.704981,1.702672791,0.367414935,0.019349691,0.01730249,1.079919226,4519.770332,18.95292494,5.116505505,39.51258098,3663.424374,0.415880707,0.016418523,0.010830185,42.20938382
1,636.2804884,24.72324211,1.984933727,0.857517128,0.096769287,0.015515631,276.511137,0.04319827,695.7588287,7.406815635,19.11613382,1.295898526,0.368253402,4794.080609,1808.173314,9.200435437,3.656629966,589.5717519,702.034887,2.14468562,0.071843391,0.047552051,99.2741291
11,114.2230279,0.086090291,99.2769377,223.4040914,0.710152517,0.032787233,898.8339061,0.07884713,76.53038262,0.314406696,0.272158327,0.016166577,0.028997633,9608.567281,224.8621036,8842.984356,583.225986,320.7750034,536.6935203,3262.541863,5.207931603,0.061776084,0.33045582
15,0.175523932,0.063336325,4.96334418,5384.823375,265.8537104,0.298284616,1241.143783,0.770842214,6797.179044,580.0697526,0.072158269,0.058012502,0.026582009,83.96022714,5265.389452,460.7122216,18.64205243,0.065432748,0.484260873,1765.898186,147.7165643,0.012829998,7067.788382
1,0.597655997,145.9972908,0.035656178,572.8000042,0.852460327,0.189286411,200.6856418,0.011217285,140.5488818,2095.106803,1.96231389,0.353574163,0.035130548,2884.01617,5771.838883,0.715841188,1.070350405,429.0337718,441.9312241,1.006733395,0.277328579,0.011311584,2.391508123
7,41.28901625,2.111538166,0.245630695,1.483208483,0.180945132,0.261731011,149.373332,6.034827279,1819.182619,525.3024728,1.277104206,0.067023632,0.036005975,2992.326956,5772.003084,219.6661617,256.8201385,0.931684439,2.038087309,43.86803035,0.065089315,0.017170317,5350.135077
15,11.79875239,0.116521994,1.085009695,5539.919087,0.219841458,0.115272899,7114.150354,0.061706742,3264.319772,0.08187663,6.809969477,48.69961405,3.68382171,1250.890832,1789.6067,5.897739304,0.038863771,0.020905901,30.22619113,137.5061781,0.143955264,0.241021726,0.260177799
3,3303.52906,0.091491001,1888.641557,4268.784753,0.028813284,0.041182407,51.05815939,0.043545308,30.00114342,11.62858824,0.30082875,0.040624647,0.027408475,0.451708288,38.6789364,1.175171495,0.960923044,1.554866923,39.33599375,637.9503798,257.021637,0.086400654,11.23675661
9,10.96648528,0.025097254,6.405816704,1717.328613,0.016762247,1.124084495,49.56606834,0.364726727,2097.899878,0.209444097,174.2044143,0.01393747,0.693199457,3383.414162,4428.011429,1.685698715,2.618359274,1.691429247,5.203231467,26.98891328,0.582809584,3.070304011,4677.072128
13,0.094814449,0.014623447,8.89415116,1082.778683,0.027024919,0.207132335,2326.604734,1.045902036,4700.096874,343.1440809,0.255827433,0.025487083,0.011782125,232.0847127,309.4079019,0.210855213,0.551906295,84.30519229,126.4205202,19.31905356,0.074063139,7.674628496,101.7884482
11,0.51915301,0.025724141,28.08242162,3985.629826,0.015339098,3.839535383,5.09693976,0.049964612,1379.148891,281.4535941,1.90744034,0.144202137,0.236135391,7829.989236,2312.99902,2683.910257,0.113864776,1.55858762,774.0522415,6.63224358,1.175205085,0.730073787,98.45593555
11,1682.939035,0.151796853,8403.531725,1942.63649,0.039902902,0.213343709,325.5295037,0.053546498,8810.512318,27.19432518,20.85436466,0.738794945,0.020883826,2145.133983,6992.856823,4.151363266,4.684681967,1239.514655,5125.405825,0.266565019,0.025375672,0.011880104,0.210817138
3,0.038471841,0.250852803,0.010270431,99.91673912,0.502976307,1.122978976,1497.140379,3.137077041,2983.029971,107.757483,11.83860786,0.051801059,0.629050904,9801.292876,1578.889095,0.43377699,0.011181848,303.4076442,261.6352802,8.806687701,4.483540499,0.064826217,1.334024836
3,0.276187397,0.365696472,103.9996835,6205.185021,0.456947131,0.011474544,0.330145851,1.117113582,9323.679306,3037.273352,2.337189759,0.038888104,0.443139212,158.2475022,117.794351,3671.873184,1205.715548,11.08332365,12.79694455,231.0969244,31.25216313,0.04980271,1.643164828
3,18.4805136,20.95673081,0.287055359,1236.916641,0.109057964,0.242107296,32.01306188,0.013343665,30.06668918,12.57216923,0.214497779,0.014195726,0.021717783,0.31356812,15.8932144,0.274058592,0.107847749,7.011618064,467.1884025,125.9964095,10.77475236,16.65542481,246.5393161
11,1.430596248,0.105245169,0.011095075,14.09534505,0.435264477,2.912907188,250.3987003,0.186020274,107.2430452,68.80088471,16.50825713,0.911129475,0.433300875,1772.333228,3577.945244,6.080156234,24.77022903,3.122279393,2.459442251,769.5869172,148.5612128,1.525211201,138.5281829
5,7.506435106,0.086879467,1.196076503,6066.045969,133.1659308,0.010701737,222.0498685,0.018185683,359.4666305,0.211227659,17.72351203,0.140406687,0.038951365,22.3499759,773.1826004,91.52766909,643.7207584,157.3416119,389.1909721,104.1818906,27.71840428,8.552909147,2014.739106
15,8.49534294,0.207827289,956.3820994,6578.369273,2.197844453,0.178674582,8292.567261,0.298477318,15.8461893,1.986942628,0.998144363,0.0181052,0.03127943,21.06414527,21.52793156,9297.540714,1922.2318,8.232977114,35.3272988,2207.26604,442.0081327,0.276444945,6997.356674
11,3342.381771,0.289612177,0.649963602,70.41369688,0.113244067,0.011861122,4747.488315,1.369178623,7314.099484,0.364143766,5.316341661,0.057917865,0.017100554,2337.552919,5627.582506,40.01595666,0.026550764,0.457410556,1473.423273,992.676765,44.34513721,0.023965973,1223.21572
13,3119.63938,0.286094262,6454.386345,30.47698674,0.014802891,0.014487517,3169.537825,0.170309295,2632.415716,0.066123259,0.17264738,37.23503768,0.02534631,25.09088948,460.4567031,9.803657358,15.8179215,0.030163091,0.42528833,2455.230531,1.43882756,418.6966255,1134.885743
3,0.16663395,0.513950492,28.39904323,1683.978726,0.198116833,0.196582455,653.2133592,0.666172294,7003.590466,770.6525322,0.205266756,0.063778983,0.105600333,1.175808937,74.627945,15.3175873,146.9722216,112.7377025,100.2300463,6.551832581,0.677923355,0.026614813,2.167211325
15,508.5555156,0.041004499,8878.022125,1205.499972,0.124638947,0.282758455,15.69670326,0.134402488,103.2341274,17.07698614,12.79604694,1.799027722,1.001805143,7691.860876,7158.220564,265.6895932,0.050153148,0.117408956,429.2543669,3179.246354,1224.049086,0.021053198,64.37152337
15,115.4527727,0.021172881,5.31304039,6059.935089,367.7563516,0.017963478,0.511716594,0.283174771,217.3674938,312.73596,5.555085029,0.05832342,0.02058206,5529.53686,167.7707604,15.10617983,1.254961647,8.640032555,6.347039198,0.697054884,0.015858974,0.228972695,1437.522054
9,7068.181519,0.161666855,7.497491563,341.1879593,0.721002125,0.04872156,78.7960927,4.71426987,3024.523216,2668.687055,0.524589721,0.024852202,0.048312273,0.525670476,92.27062209,4899.990105,712.9629263,23.18527294,2639.906947,15.6683035,7.781460589,6.002502069,1328.28412
1,360.5354854,25.82437908,1422.057667,93.52017587,0.163060206,0.517150077,3537.879343,0.082665217,53.40015974,6.202237995,3.185274038,0.117918162,0.102840241,14.10158469,131.6820292,5245.781,237.1222921,0.074633641,6.920745914,0.728666561,0.266463047,548.744768,1748.764795
7,2.295437596,1.584566402,0.601666153,328.4559855,0.106490847,0.377754005,5272.677565,7.964339478,4321.014434,0.130185868,0.526051404,0.778373813,0.174852476,99.09779734,7846.391623,0.518469044,0.059218722,2.972757899,650.7621598,5973.90541,12.03589174,0.044758298,5889.99965
7,73.09148605,0.209361728,19.61395186,8304.740034,0.093697856,5.868270769,7696.281587,8.659162016,135.1721059,0.387519962,0.177738241,0.264900448,0.022429907,36.74787345,1236.247354,0.227130236,0.015760227,0.759310349,43.13693578,6692.436161,262.3829499,1.077641667,8340.162228
7,0.770372483,0.068754294,0.02397963,400.0235418,0.018589842,1.636818196,954.8929126,1.262185272,889.100058,0.095346041,0.734415659,0.315710552,0.33789732,4.109754089,142.0722534,0.060569726,0.053830851,474.4791092,8079.75744,8.741198021,0.169521351,270.8068228,7611.731633
15,4.312370684,0.032273654,10.78914569,0.65505917,1.181788387,0.030444321,902.4904589,3.191481056,2698.92075,42.51630513,11.83472468,0.015626171,2556.736439,3159.043367,8409.703141,318.4981185,112.955003,252.7705058,2695.030208,6.381548238,0.033327481,0.036743973,0.192483045
5,12.10464704,0.036126269,59.98782819,150.5585206,0.058926215,1.05559524,36.29369197,0.470418681,7678.819995,5628.135512,3.102182561,2.595127036,0.088979892,7.357790235,121.0151988,417.7993271,254.0339149,2.466835938,26.73894401,0.812135552,0.154122974,98.80872208,249.3032727
15,1570.22955,0.017726424,292.4822002,884.9613114,1.688414363,12.33005729,745.7706593,0.476544034,147.5282936,203.797276,0.479504462,1.088516781,0.011223636,3968.235367,1510.911614,0.566562065,0.48776644,10.89659375,20.34840169,6479.032859,26.94925687,4.866773527,7.001131407
9,167.5676672,0.011096102,282.1028449,2.094020079,0.048454903,3.671834605,5519.138224,2.775165429,342.2082761,2.662737586,2.438033863,0.166622848,0.015085912,19.05866167,134.0417701,2.025783931,7.22288239,0.020586435,0.028829228,0.408226406,0.020229796,0.980602863,53.89089042
7,12.87239183,0.073201698,0.236660222,9238.439774,5.640313462,1.505618293,153.3262162,1.604981858,2061.659592,1801.55805,0.607155712,36.45990429,0.068554635,926.8289951,4109.606371,15.33989991,2.322890888,0.226240613,8.081438814,352.3942595,1.11563115,2.76885933,40.72417186
3,22.23303906,0.227229641,147.1977568,1631.892181,0.126446503,4.039983595,6923.242445,0.06918032,7141.167844,1820.670534,10.02731588,0.017711087,1.366512502,2391.844363,4288.930324,0.207501407,0.506834689,0.019367117,0.025127334,52.73068174,5.532401112,0.231242516,2289.51656
15,6921.145927,0.084632032,2.067893479,2274.737496,0.043220897,984.1285167,119.2717294,1.034347704,186.2471058,167.7353394,0.238603094,0.81807364,0.025702345,1482.181048,3655.931824,157.8512935,7.603022707,0.124552508,2.616926266,4032.649874,212.4950984,0.435283463,15.38613933
1,1154.86079,61.734908,1.583291062,20.67730912,5.668090424,0.013767841,684.1231127,0.032120715,472.3705667,16.3574693,11.96363582,0.173348485,0.680991485,7124.655426,528.708368,567.2132353,0.389560551,0.258301498,7.83831343,3.275534179,1.289532524,0.072099279,7.319070934
15,1932.374785,0.019864363,160.7414304,235.9660501,0.032547875,14.84679218,1933.371845,0.561183295,430.1066123,26.8555436,0.50375309,0.017730982,0.087374469,4535.004589,1422.104796,1.843777637,0.017134119,0.46706915,22.09089044,792.9532754,1.449993912,0.068554603,2.571447549
13,3373.662485,0.121376976,9000.727157,1473.190898,0.154712253,286.0644821,8822.125344,0.029036719,3744.283861,23.60344298,75.72597243,156.4758481,0.316006838,1457.581708,3344.74806,178.1325754,2440.740471,313.5745773,436.6932515,41.05454145,0.086319575,0.255348576,14.3018519
9,0.013153484,0.186470978,1.285525405,1453.592687,0.822611321,0.019633749,1340.010162,5.627847488,2813.823828,54.75264758,1.684678564,5.154427137,0.012055141,64.3526501,8376.696199,0.029866048,0.145112795,0.213740315,2.533170365,5660.690911,99.79619832,0.115840038,0.169425098
13,87.27250579,0.087705441,0.071701462,0.114491386,0.011929785,6.155092444,1507.729099,4.311414286,1397.168634,577.4649848,0.425756655,0.89841259,0.031318155,3292.594999,940.8783703,1486.880476,242.5397294,0.011145665,0.051939788,1090.68462,1.623028106,0.015069633,0.707479288
3,1.141304091,0.283173426,0.22349043,1082.27653,61.00962215,0.155539945,31.77063806,13.74849982,4016.248366,2350.056955,15.98056901,12.49069543,0.357290282,650.7430319,1047.553539,3.141118578,1.135850678,219.7976919,815.3763052,16.27326922,2.839137543,0.171207137,149.5559114
5,2554.250845,0.214114091,7.70845654,9382.497867,28.1489897,155.512156,6136.006006,0.604935516,1272.896446,276.7660241,0.331721321,0.010078832,0.01041362,1274.595895,2434.410319,1401.692434,6.486954897,0.058676446,52.94479727,104.7980001,0.052571436,0.035202506,92.64637735
5,112.7900472,0.081797049,3711.605769,9917.706873,0.025250153,0.061359498,354.5443868,0.847163598,2070.44712,0.064403733,15.17434291,1.766467491,0.039079957,5537.736321,6001.008551,848.5405817,48.6277064,0.222299982,3.768521791,0.192481493,0.012933353,0.233187631,3.370464175
11,0.042150627,0.022025019,0.091266094,61.14154766,0.01332663,0.05066782,4.289533888,0.271880986,2038.652639,192.9955315,3.057521536,0.010739449,0.133883096,7104.044158,4967.387478,2.088082235,1.954389796,27.63406717,51.53753727,4892.892252,30.46183372,0.194992338,24.51609642
7,251.9027695,0.019176177,726.9084008,4524.032445,0.126100831,0.130810099,1.778334201,2.736527928,4466.960711,105.952242,0.154681411,0.013766138,0.015133563,9326.278779,3768.938077,3.3483925,0.316546015,182.1987886,1257.549157,224.1803348,0.263049094,0.036962381,71.57115756
9,243.5209422,0.566234628,0.280803747,9819.915514,0.012342115,3.776441728,2.087824829,0.480963786,210.8676242,873.3377053,0.171543732,0.014458343,0.047176855,10.26949009,40.4962132,448.3169943,0.157967698,0.042303421,216.1145153,1.822882657,0.021808222,0.448849344,220.8549342
15,0.120785247,0.094474391,0.785628162,112.5553969,0.021292462,0.021850271,0.838298205,0.017382495,440.1474768,183.3486865,3.081162055,0.098767751,0.159091453,496.5425607,449.7083209,326.2453565,5.249197218,8.358242648,802.7137512,8472.185659,116.5905513,0.07358685,1.725088204
11,1613.98619,0.099880578,0.018779831,2002.194554,89.39865569,0.018558243,684.178911,1.612827887,2821.541941,0.651708371,45.25728341,0.071128216,0.670912232,201.4464875,322.757005,25.10890577,0.021004825,0.139490544,183.3999414,3.397029391,0.308152659,0.017474302,159.1620796
5,1774.512396,0.015037274,9.228003987,146.8229595,0.590806283,3.206601951,1578.914222,6.2227807,6656.42717,1212.031942,7.943692367,0.525486587,0.096046797,786.8528201,7688.171274,674.9613132,0.498132285,0.025380334,1184.715359,16.48515035,0.027941669,1.233668339,744.5810357
3,0.941351698,0.39993057,2.544307258,7531.776605,8.263315843,16.59671152,4704.391816,1.040952968,2439.869325,1394.135663,22.31647631,0.012182017,0.15096226,1172.648327,3804.00513,0.62136483,0.013691129,0.038538781,15.40694502,863.5592695,28.29726451,0.902444402,226.4864073
9,544.0268955,0.019863775,0.362100824,4013.342811,2.846991461,0.171068146,160.6039994,3.825696019,8216.211563,657.6467503,0.113510535,0.014039534,0.011795357,14.16350417,58.24731853,35.97092519,13.89008929,0.166932238,1.126766097,5604.572402,45.57915936,5.049924408,127.4066337
5,0.018986675,0.264916319,33.46844609,5884.339136,0.03852957,0.956026931,8.631231788,0.125374568,87.64294729,165.8513218,0.234826726,0.068151695,0.014113681,462.7389492,216.6666531,97.91985725,0.030755785,1.331265779,3883.243095,11.36864655,0.060341422,295.8906684,436.1921514
3,50.41411152,0.05132528,8.313910481,73.27901351,0.014608996,15.61997188,3246.321528,0.103696696,150.2711978,11.35056638,0.349140175,0.010728252,0.018422251,5077.910735,5597.21534,1963.306748,520.9153236,2.232503847,1.866373302,2444.370204,491.069798,0.475864272,220.2319491
13,2.186463102,0.01121306,371.0139153,7281.953567,0.043162858,0.152721379,44.95615253,0.036599521,18.15307519,3.058909776,0.629678421,0.040057587,0.064282358,3.655367366,184.3270633,37.0963066,3.04254631,4.712808623,1607.206547,40.53244387,6.276817611,0.149681922,2.520825646
15,0.424929182,0.049071765,0.092100386,3275.998474,0.771349383,0.010403142,4396.322339,0.357338006,523.4853389,0.558560419,0.769718856,0.624337019,0.081186304,30.19549787,22.38870879,1709.654426,138.132005,2.044265762,56.22602935,2502.101173,47.73736272,0.279451898,141.5158985
3,1935.202851,10.02585599,455.0672787,2772.342658,0.33401439,0.140880506,5.483100963,0.155754698,914.1763657,1278.894664,8.720510918,0.049665683,0.141281569,1960.318475,38.02557826,308.0238608,0.382763473,0.022571513,0.891071407,94.96368554,12.7933886,0.237539363,1726.634318
3,35.75958026,0.627505672,0.012869593,1426.496325,1.247316973,0.018134326,6078.622744,0.12546823,9906.953701,0.290711294,449.3468217,0.025333092,0.231506423,546.4446856,4516.332848,0.186481714,0.384141834,0.200226109,0.679683013,287.9000411,89.78515306,0.057707942,46.01395849
9,5.428053193,3.186709211,6.740179771,8937.585399,0.011653829,0.015760359,702.1689937,0.149869985,6113.487798,15.83511525,1.523089602,37.61962233,0.02025666,8685.05761,1676.788762,2.378218144,0.825379114,9.38347283,22.19040869,24.19481409,0.029996562,0.288465155,0.83908463
9,806.3209974,0.883866179,38.68583538,506.3100621,0.014218544,0.049210592,0.152606985,0.951029727,483.2210194,23.85459039,0.876966992,6.982084289,0.207137991,0.266624202,66.32273828,0.08844499,18.16035882,28.38126885,20.89226231,5.658770759,0.089317558,23.26860738,116.4235602
5,1650.008051,0.027050149,2.994825941,39.22926589,0.074956204,0.050729698,3634.85514,0.024152064,192.2089775,0.091464504,5.983119922,0.780916282,0.155364027,1908.642466,604.7654045,0.492649572,0.172056045,7.898055689,13.42041713,5021.477096,334.1696438,0.153225159,2.809002196
7,267.717862,0.589163439,7.864597984,223.0705975,6.029362002,2.08318771,117.527989,0.245590989,671.4482744,81.20418833,7.201597099,44.13762159,0.010370193,4920.473494,3637.591109,44.1266993,1.273309979,15.27608928,1876.267224,50.47588116,0.267423382,89.46008174,140.7115103
3,204.3931328,0.304586556,1783.584113,1968.115196,3.303025789,0.023316328,81.62284509,8.498521478,9527.253956,10.95210779,3.196764872,0.047793486,0.020063135,598.4842078,7073.47684,0.027769856,0.036903389,0.370884654,3.209461551,12.54086891,0.011145581,3.663470232,3814.433676
9,164.3761373,1.19808547,0.03494575,4916.747144,0.018314483,3.84603646,51.44433186,0.042028155,2802.333489,8.578160421,28.41074404,180.8176568,0.145342397,65.06263459,812.9961989,0.581877441,0.089368632,0.483930521,23.6479916,4705.112057,309.0777671,2.790800129,3564.884464
13,0.893093665,0.374053036,0.080514499,13.11684708,0.087450167,283.4692719,6659.180971,0.12985203,891.4489787,1788.691853,3.345661237,24.11718692,1.408462591,607.1207306,151.1469118,3871.837658,10.18218611,63.3701863,6970.713638,93.80336902,0.034702908,11.95198989,893.8407922
5,7107.095228,0.025696798,1.516765573,378.1442965,0.101917368,1.021219419,249.5928231,2.118612487,2665.206688,0.234423676,20.52652549,236.2738279,0.160968195,1136.271999,2278.089605,2117.879524,0.562955777,0.01695895,110.0215984,5.908630041,0.045340979,0.488260994,11.89011113
7,572.5388365,0.082356075,1041.908843,179.0501471,0.027278477,10.31612362,18.63856021,0.079153047,4272.660564,28.7050483,0.819583426,0.039121723,0.03308568,876.801012,1687.791391,0.095040171,0.014187789,3823.387509,3032.544415,0.945222692,0.022347388,27.80740456,6078.369893
13,0.091062918,0.379937109,0.884170951,21.48391021,0.31194052,0.297566695,1297.649221,36.95486765,8462.734323,3743.226082,0.924828946,0.660427392,0.0967581,1621.20136,4123.679379,37.47578994,1.116451055,7.836044038,265.5825619,3856.541277,230.8082381,0.037878786,0.09929612
7,2404.085291,0.396146453,103.622427,12.48643031,0.010629018,0.014093611,2478.409121,0.019868333,5114.520543,16.79117973,1.402511459,0.023664715,0.046303214,54.42412692,611.0063947,259.4239536,0.629881755,0.678389394,322.4576928,0.394764671,0.034034503,0.017335154,1.940668262
1,162.1499706,0.367546604,334.3430714,0.21339546,0.015561587,0.259704274,32.49845181,0.039214845,2416.167252,951.0835615,57.58485219,0.895441018,0.025235061,3957.187093,1258.649911,157.8198681,44.59931378,5.125743537,3.871886638,0.433934164,0.116194244,0.240043233,154.964836
5,51.13470675,0.61770834,0.017400575,110.5210371,0.080079544,7.850692642,1252.705398,0.02267696,2894.938459,4.840535216,5.749137939,55.09229372,4.271807702,574.5085231,627.9708289,752.0914559,0.074758641,0.028839071,278.3174831,1890.193313,59.43495287,0.301062755,4.673633504
15,1.796379141,0.814231311,0.025474353,607.7941062,0.019299767,0.185327885,25.22644156,0.148083781,7162.784844,5.124604686,14.2015781,0.085695225,0.572354306,222.0921902,591.6076486,0.022353671,0.01245768,304.1774653,1574.625571,0.388117084,0.030982868,0.018182511,0.072277231
3,0.032305421,0.527310907,0.257241025,19.7527123,0.626689979,0.030797213,6.373766706,0.795930039,87.98247214,91.68056989,0.028058876,0.073338002,0.010785691,874.1239273,1285.002311,10.23714579,0.183199079,636.603227,6435.303534,288.373568,4.803388347,1.801472851,300.5181349
15,4.376137751,0.24940242,10.66533514,4177.04257,0.259083185,0.267664495,56.3194002,0.254859904,6153.258392,1353.770762,0.284296367,1.375082141,0.030593674,20.23152932,928.3234073,55.11006293,527.1961856,1524.843562,3310.546866,1.558961158,0.089385147,2.384134999,5.486512435
15,1.659243488,0.012127706,0.083976262,901.0689436,4.945925183,0.494943296,1176.878852,0.026278846,1096.582529,0.398765093,0.356559353,0.015351852,0.014687991,3838.737876,5115.938575,109.9100467,1.240351906,4.009039906,128.4306768,178.7869969,1.457048885,0.30667254,5.24163975
9,52.11500525,0.071501514,2.250048623,1.827792208,0.128200741,0.023466312,147.4314063,229.9136258,1875.094079,0.847710659,0.027280127,0.067972271,0.010757365,50.24799524,6910.275103,0.149250643,0.584344435,45.53973443,194.2350903,366.1396138,0.145262532,14.60530099,5760.327276
3,580.695208,8.94483793,0.112153096,674.9118971,0.014448524,0.019804468,70.05720546,0.900828149,163.4077576,1.173894287,3.472888385,3.186191519,0.035414802,2004.760958,238.372118,2934.457344,650.2869441,16.19049539,11.38130135,8.296599992,1.566049711,55.99559508,7926.337075
7,0.427236349,0.649037285,0.102873251,5682.531681,0.058065004,0.379350784,0.021362338,0.241702094,2632.533116,2343.23222,27.0810261,1.131845778,0.462613283,15.60825286,545.6734131,0.175443619,0.427082033,151.2846014,1118.722318,39.53489679,16.14703221,2.148035272,37.83546483
11,130.1360157,0.851910205,78.92601947,1543.581278,103.8020585,26.74042206,1353.245949,0.053215306,2602.376953,2199.214418,0.671661568,46.98541914,0.182259915,535.0763378,855.6491544,41.89899189,0.022297647,0.115930027,301.2842715,114.1565001,0.280912556,6.654965565,446.308898
11,1.010711234,0.114929599,0.25970417,0.475953743,0.049635688,0.015487752,1130.122349,4.305946161,328.3459972,15.37578599,2.410230069,0.027500035,34.10697223,601.944463,7061.490353,89.61549872,278.2223629,1265.941577,5271.384536,14.62989281,5.47935981,0.031157925,0.217592916
3,2167.734779,11.93027168,33.26526155,2086.956559,0.084623838,0.054873533,5175.321758,0.014243988,4374.74292,1.630641698,17.85246563,0.138214121,46.75918194,7987.086865,3512.988385,13.58652958,2.093153985,40.19343309,1223.74024,13.49443011,0.018582043,0.025301556,0.165439219
7,538.6760213,0.682216539,74.64955501,1076.283336,0.060460913,0.631196453,123.1607884,0.018295058,7735.765625,4.758766308,10.9236952,0.011662158,0.010576257,512.6309712,9993.016023,2.495434154,0.010276281,1.018385886,483.4271038,9.543876641,3.035160223,75.61622816,1426.681548
3,5.44516525,0.063427295,0.011095598,3732.199443,0.095636176,0.081849292,480.1346418,36.43109586,2734.218317,0.017989817,19.32180971,0.6296066,3.125082954,370.3693412,3771.819618,2968.735268,74.53429077,1.726966384,124.8686547,9.045895162,0.234726808,0.045251696,1004.346712
5,2890.066107,0.046836978,0.055576003,329.6838867,0.010348203,0.012233513,63.60190499,0.693715577,558.289022,1.121958602,1.712550769,0.318668171,0.018106738,1026.990733,13.96730306,5435.956664,48.15479231,0.013872397,0.023888715,0.795479938,0.079681646,68.45886902,4302.912928
15,21.1390232,0.075237243,8.13584811,35.55734285,0.249959333,0.012027806,6.833779289,4.535880716,1098.430127,1.047321886,203.5341836,2.587644694,9.57162168,158.2992309,370.3401523,5883.371886,2498.986232,10.69896508,43.35903367,19.35060134,3.591818592,0.037008914,38.45807067
15,4294.632285,0.184317162,1.540864014,0.63788943,0.011504703,29.17072518,1933.631656,0.213204716,741.1791447,53.47582055,15.46218377,3.082497691,0.114352525,47.04179962,3476.472879,33.02997819,1531.739699,56.5969318,59.86099753,1.313949017,0.031865476,13.59347549,506.131225
13,194.1021226,0.049850852,6075.75487,3947.325969,0.04438856,0.01432697,239.7753914,6.343046474,6747.515645,463.730425,0.145313562,0.452955208,0.019391095,2467.457015,9051.35671,770.322704,2.455565134,395.4349703,7337.359792,33.41773443,1.6792317,9.787340179,1835.003719
1,565.498445,0.200471463,298.2787219,8292.891401,0.237732943,3.354193905,2.083924326,0.441462399,900.8191978,776.098991,1.885102382,0.016880855,0.11638195,50.81913066,656.7655157,5.406854108,0.017253538,0.181513436,223.976321,0.582726225,0.010014625,0.167828717,1.032944253
13,0.020861956,0.022900848,0.012529175,3479.94774,29.49827288,0.02691334,873.0556607,0.069141047,192.3658953,1741.58777,8.171730315,1.709875839,0.050213261,31.08717815,55.78122668,4.231783444,4.400941828,1483.723214,2808.661116,371.4279596,152.3941784,0.169488535,4.895709478
13,44.77974132,0.041096244,0.233272551,106.6619518,0.12118493,6.75965879,136.2834161,0.022754624,49.44826712,75.26079136,1.100015626,0.174924591,0.195640693,176.1256942,235.7475902,0.113431953,0.054151708,246.7478771,1578.126152,479.944533,8.204726948,2.351503935,8.517851648
11,346.5582291,0.775824654,120.8095864,53.06248745,0.033261229,0.090998852,2.67416467,0.061730735,636.0670914,13.01361232,4.95338586,20.44899465,0.028489505,956.4592686,9815.284149,0.3984156,0.034021035,0.631943615,261.2998176,2642.573565,10.44728545,0.334459875,3.160892204
3,1023.595791,0.013829703,362.9599279,48.27467547,19.849705,0.089517353,5521.336634,0.035991515,1526.174033,16.41668154,107.3246589,0.064542651,11.83603561,7311.976256,4016.233557,735.5939101,0.631345659,0.510128979,185.7932343,5786.41406,1644.397944,4.47553655,392.2055533
7,8561.366131,0.023335797,3.172516602,1921.994491,1.489106503,0.705058287,82.95793151,13.57090341,9892.488342,458.3319968,9.838117212,0.735336485,0.012522557,4.281105288,1099.823666,0.041550036,0.01978469,0.021203516,1.461902799,49.72437372,24.19810345,0.011194101,28.0517806
5,633.7527725,1.487363618,0.013327882,136.9202422,0.010235354,15.84486248,1035.699895,1.44716554,3050.583074,0.138638478,1.136347777,0.152314478,0.190249291,28.41685779,286.5498511,9.205116075,2.724910594,2.118895071,43.63012085,1443.514821,17.05685512,0.831103973,464.7829016
5,202.5138874,0.026376703,0.01240871,6564.180321,0.312723914,0.069084455,22.97172921,0.500104706,132.5227251,14.20875941,0.084607748,0.092217674,0.013935782,42.07375072,18.82170108,3561.513223,0.069846116,0.327626722,882.546198,0.794417858,0.152015137,21.32291334,4879.961725
9,127.7678199,0.749883571,0.042730889,34.4177991,0.820535507,2.123271405,125.6733571,64.32831449,8216.52045,132.0048865,51.13325237,8.301702026,0.01098443,225.3720409,5380.146325,658.3586306,3392.567236,8.374409865,14.37067418,120.3753471,38.42075579,0.236613167,73.91855567
7,5.846507997,0.347102586,0.09713916,0.031985909,0.258500215,0.018443477,2871.352795,0.017357943,3099.533961,3.763005353,106.2932106,0.046409024,0.033388568,1004.868809,7905.141759,7606.321527,880.1958023,0.239996979,5.46225556,0.128156114,0.027131193,92.55409835,7525.205449
15,12.61117353,0.417948078,4829.170837,2375.017745,0.013727558,111.8808576,1025.157421,0.463880755,177.6345042,454.4032662,2.675909678,0.604948933,0.556597208,66.92975662,54.31020796,3.491882212,0.168058941,5.60659036,159.0814093,12.5021827,0.126854538,0.233914094,164.7556779
13,223.3916769,0.055763917,5.773998498,61.62092782,225.0994917,0.080858371,4111.592061,5.666411453,7549.581358,54.45838671,9.509380418,0.044423395,444.1040738,521.7078628,763.6654236,19.86422585,20.07233478,19.22657574,38.32217557,31.38172495,0.02408586,0.37987951,1.124477636
9,0.017956451,1.18215293,0.297812811,6523.930328,0.010769949,0.742170756,7.780940782,0.016822708,682.8115068,129.6087219,0.79163221,0.116698913,0.032096075,13.75912763,5.607686561,0.024892805,0.01986058,8089.941786,9838.359754,131.0560069,10.35153146,0.046075541,0.253225369
13,2114.754274,0.020765692,25.84605479,974.1847214,0.022163707,0.308604548,336.1762897,0.025546621,2357.474548,8.199205529,6.834611889,14.2834086,3709.303971,5623.846095,2057.049591,361.1117401,11.70417827,2.918903929,21.58415466,58.14040945,3.902206759,0.17557803,1.033959006
7,68.96916673,0.023780587,1699.275258,5923.747092,0.012376954,6.857691608,37.62927862,0.129158764,4372.000584,2440.444134,0.957846223,0.043671185,0.014422523,586.0895081,247.0263281,24.48628652,6.896208873,0.031712829,0.1457798,10.89280468,0.153041383,47.70972283,321.4145736
11,16.37116769,0.135799467,2.465160426,5699.518448,0.439033913,33.67826461,2.609349207,0.884546432,4097.21983,904.9514869,3.831670412,0.598746993,0.235347105,598.9746624,4395.611221,72.34534404,0.103268446,0.342353629,1127.422112,14.69505249,4.800794537,0.07825742,0.097344401
15,236.5376446,0.917994742,0.750347092,200.4811836,0.189860414,0.010017237,252.8475008,3.42708522,7616.937379,3.749704042,5.846815631,2.584914424,20.29931068,98.88771693,2552.699678,0.299493337,4.424994977,1.411857013,1.640323376,39.18718326,0.060198397,4.584989208,4.821658973
7,2.92998152,0.994422464,0.451500332,4.855199061,0.024977058,0.028432471,576.3712018,1.024693456,6591.229618,9.426023691,257.7160513,0.016389299,8.831064453,1655.593514,3186.122194,475.2344865,0.644221502,3.903125931,4437.700826,15.92410496,0.153232098,96.53446154,133.6796683
1,203.7943768,0.417026682,1752.143781,3813.636433,2.32301152,3.348088918,31.0918311,1.508148124,3973.824021,94.13359747,0.897312175,1.161891452,0.403609125,719.5474911,2834.694525,4995.086866,400.1519884,0.029461499,0.670851026,245.4313299,1.169131363,23.9558428,148.0075664
3,1.136896714,0.022036314,1.200063203,32.50171483,0.737804991,0.090917075,30.66646418,0.326387996,2534.933676,59.35045385,0.620909896,1.765129244,0.032996905,3257.624097,6111.963374,19.37691927,0.278839775,0.342093322,5.174311634,41.24023833,0.745458248,0.062882643,24.47539773
1,656.5388882,0.035486401,3.118731627,2012.552919,0.997740998,0.054032486,298.5666213,7.567306188,3224.16016,0.098270646,4.712462992,0.394678938,0.02837827,3179.969448,4812.640337,0.012874116,0.014197371,0.046097368,0.036567867,0.512185274,0.010271973,0.034265563,1.158425128
7,0.481317816,0.422089666,11.53352482,416.2296416,0.120550983,0.191244164,36.74530694,0.045875966,10.05610116,30.83270427,2.364272903,0.653383653,0.12437392,989.9827198,62.66830699,3047.291729,181.6380976,221.8716546,216.2486156,856.4137248,223.6999333,3.32335556,3981.648775
9,1489.967282,0.016767439,14.18533321,7971.546352,12.57916989,0.024508804,2305.150382,0.438335021,1779.026784,91.60033515,0.083914845,0.043094321,0.011273915,26.6818371,132.9018111,0.016426873,0.019923765,0.017417316,0.020006343,8433.254391,57.45627016,0.111202052,21.45082107
3,367.951723,0.644621236,0.012212876,3318.655233,0.152433414,0.030984704,82.93585115,1.139576086,8683.95575,4246.521764,2.059890872,0.238881898,0.014313592,677.8096844,780.0536939,291.56666,16.29860621,1208.724672,9593.859337,308.4211369,130.8259323,3.208633816,1180.502246
13,1.719375163,0.0143844,19.55998465,31.14375045,0.079517327,1.250147285,156.0981256,0.0224135,7822.270202,258.1164071,10.47438951,1.851798416,0.012134849,846.1405729,587.7302719,1454.534374,0.39919659,5.479125201,3789.374648,102.9178771,43.67371287,0.074860758,1053.615182
9,132.8669555,0.679861234,5.424774957,847.971157,0.606211288,0.046843278,1.188765613,0.102286595,336.1997439,53.72193601,4.251022383,0.034923882,0.027823746,295.9037707,793.7169808,113.7030503,234.1753968,8.935108532,22.07452738,88.47615387,1.443427923,3.244554712,156.3613498
13,4.02591234,0.524078772,0.236119243,9215.641877,0.160309436,0.073483864,3.897230907,0.022920334,832.3753642,0.699573067,48.56114652,0.272017415,0.189380281,100.4936983,1097.262937,17.85380567,174.6766274,7825.256733,6268.084208,1.171679904,0.038172452,0.057649977,869.4229406
9,1360.789531,0.125604796,0.392847289,571.296985,191.1819807,0.012881858,221.7793529,1.686867843,2058.982918,808.6564336,24.33371399,0.086792879,5.473867873,626.0296879,141.189847,13.47573381,1.010577666,230.1192164,430.4222392,2203.728476,841.7305842,0.683082981,6045.135796
11,0.061035041,0.011328702,0.041745962,0.850428938,0.269172402,0.027024126,7240.935702,2.748203394,269.852471,3.487835653,0.354232333,1.91831534,0.01447738,207.9913891,219.8779432,49.84238677,18.86803645,2625.42687,8741.140032,16.65873147,0.052367989,0.012732673,21.69621817
9,40.42815547,0.578346158,225.7643108,71.26139433,0.453331199,0.014699823,7.170247763,11.17469734,456.7180299,7.633451993,3.890954709,146.4056375,0.099786939,1690.308819,3569.722418,123.2331642,236.6106816,0.099700079,0.119263599,35.33918874,0.195225134,0.29525809,1009.734844
5,0.498838127,0.195368685,0.028217455,7056.354077,1.372878827,1.114023654,204.8048486,0.010880667,4611.115077,44.08201162,4.406441196,0.078288047,0.168259407,6.27447292,309.2470901,0.034840008,0.062735719,2306.588854,9311.872001,210.7377829,52.48238715,3.144670666,3276.63243
1,878.4125202,3.020889006,578.0654154,48.37603809,0.057060896,0.291602595,2.85680604,0.657778199,3065.426368,97.75924447,0.874656233,0.785934647,0.013221155,678.185806,3964.21092,8.322946517,3.802530788,0.098577916,0.312398593,0.8717629,0.033180768,8.610009236,30.79917935
9,3006.221929,0.196095429,1917.489771,771.8281439,0.017184017,88.39749951,228.2557767,1.104873047,548.0897064,15.24614933,0.716621627,0.064773984,0.031786794,5711.352744,533.6612509,1182.002641,6.251355333,23.25361596,40.42784924,711.009512,58.55352392,0.029858368,38.45348121
3,56.42002956,0.013196185,50.56707737,1113.748591,0.051447538,0.106029563,6.587258775,0.175094966,7284.939912,10.16742622,0.113310049,0.117416455,0.016417523,140.9639519,315.800579,215.678713,3.153682621,311.0042096,2199.05641,5199.409862,893.5999577,0.040596402,57.71676988
9,1672.805401,0.024764086,36.77255194,851.6087781,0.017757955,0.015167525,0.128245846,1.725509352,54.55261378,0.380728115,0.258294802,0.456025035,0.011411453,530.9154112,165.6763294,9359.889771,410.0117441,310.1558342,301.4527734,0.338366386,0.050444898,182.8748697,4871.092295
9,8.496498823,0.085603505,2.301629018,1015.936105,0.074925392,849.1942157,43.81626442,0.132141616,170.9929827,49.86692714,0.267520326,0.294724237,0.014123248,132.0745573,2569.017164,200.7560362,13.36347385,0.410142151,54.56086421,224.1520606,4.994831339,504.8164868,1176.364831
3,133.6887194,1.368507064,0.012587395,7456.905664,0.015023916,96.68516888,113.6686706,0.024966601,2857.298081,40.10292728,0.072306605,0.014805317,0.033399497,232.4329648,133.3255908,47.0712961,2.072240067,647.8001331,5187.404285,4646.085629,42.61595431,0.134632199,59.87192062
7,3054.869305,0.050310925,75.59873596,4056.651115,0.012390695,7.862331875,1593.152843,26.13478221,9535.450552,12.92160438,0.100721365,0.049503606,0.051607924,34.90694615,5091.858881,0.80838119,0.30184884,6.385043646,329.6706116,68.03365139,0.199626831,26.70350081,1124.889943
7,29.58372578,0.946266525,301.2552562,6783.141666,0.039873682,97.92053583,3951.19437,0.350683993,3534.157987,336.3009056,345.9685824,4.69627604,0.026209947,306.48755,1441.327971,5.965372517,3.198912784,0.400368441,4.330371661,4.859497973,1.742604766,0.242923172,192.6870115
1,0.120384126,0.039006787,2.47593103,170.5990875,0.080950669,0.316824527,18.2082375,2.294314001,476.1364315,212.7224413,24.13131748,2.224100379,0.069149194,446.0365694,252.1557853,588.9917818,58.02478642,221.0247753,1354.169795,0.752775413,0.203967395,57.24075855,145.6560726
7,0.356989057,0.015913137,0.012609031,64.66509285,0.147404527,0.178457208,8.059971101,0.027466296,3274.506424,202.0491053,76.91547021,0.399189013,0.161535758,6009.488606,2226.226905,0.678579023,0.100332695,1.118209791,2.654554662,5708.882669,2591.830225,9.459479677,399.836439
11,85.57550384,0.063422263,76.8714057,22.59464771,0.07464939,0.019593588,246.8623231,0.387353713,83.94822309,0.19513661,3.471218885,0.011923192,0.951277109,45.98616379,261.8521151,8.092222284,30.39788355,437.4591512,795.3364723,182.2241052,8.182391274,1688.071361,9494.449414
9,316.3958196,0.613499186,2.813084572,6651.525685,0.056103693,0.170620897,550.091813,6.68106874,4452.450748,200.3991968,0.967463137,0.507565588,0.21080694,0.761965693,132.2059077,2383.581465,1640.184492,0.192151699,6.571311294,2.043736162,0.30324466,0.074368729,1.054262313
15,8.130922596,0.015445072,0.457756413,106.9890201,0.024452672,6042.476909,5366.131104,8.09415111,5412.946796,5.584556107,989.8600028,0.040991615,16.20196141,9775.038891,8006.208834,6465.351551,67.22918162,58.82417497,4086.486227,807.5892278,438.8550233,11.61167338,31.54958374
1,2042.146904,2509.380286,96.54606719,3.407195692,0.029983183,0.126178422,1414.250988,0.010400939,993.3637044,1839.347496,0.041948702,0.103107099,0.020782586,1134.047266,1852.354967,145.0486102,4.668500087,0.081765008,0.275682425,1939.435433,69.13037944,0.164300126,7075.950812
5,2561.47689,0.238771272,0.052663564,60.00479108,0.014579347,0.022882313,8.891630727,0.529813054,80.65277294,51.86279046,9.493848835,0.366642601,0.059917262,1503.633939,3170.418902,10.68762612,5.959197233,4.206718137,14.72558442,4767.67684,2529.138296,2.336926341,113.9297973
13,7486.442059,0.051641014,306.6755284,2105.040533,0.012712974,0.637056294,12.11720631,0.494578088,5864.315955,200.3147888,0.529541617,0.440966377,0.031798766,1883.038475,523.077831,6706.727057,1.461031366,0.157949711,66.42191398,0.817995542,0.113806679,0.055436703,1452.818815
3,36.99333966,0.924955125,23.19931713,3.311158493,0.014650148,0.54702496,9042.253384,1.111089532,2361.058064,0.725071203,1.151600421,6.635495412,0.119780703,918.7546582,8541.576885,10.28182304,71.62674401,324.0015071,648.3444308,7930.514614,140.7505224,2.017898243,6.986441768
11,6.411753458,0.653610202,0.148650828,8274.520103,367.7623315,96.25808877,6662.376765,5.280962962,9942.646706,2789.590338,15.72727738,0.135138141,5.965060202,812.260604,5874.838552,1295.81745,865.4366483,71.48429172,307.2397737,3284.601122,3029.701465,0.58182182,2.030577191
15,2128.258686,0.01998518,7804.524919,1091.194371,0.031708798,3.753047037,3081.894448,0.020354983,2673.290104,110.7884639,1.481471225,0.079008671,0.036328569,235.6857798,2.513266638,2.162841175,0.014550816,30.85997644,89.77846383,0.459521798,0.098005134,28.0074856,146.8729819
1,5.802931887,0.022045482,0.047597899,431.1590338,0.450037556,19.36626086,474.2882684,1.381111924,688.4404927,36.66609359,7.840178001,0.16990695,0.048227482,2414.97606,1656.213001,633.8957284,0.407725757,0.97175769,238.3991749,0.16692499,0.026706831,0.463542766,6960.562168
9,299.9065702,1.41615349,0.928282192,1479.335255,24.25372397,0.188614439,2.205852731,0.041694063,372.2108891,277.7223368,12.08432077,0.171458214,1.459765621,2101.327822,1281.237419,482.7561201,0.036716489,0.051126738,528.8552364,12.82023181,0.073530445,0.040587947,147.3379101
3,0.079961136,0.183245006,0.323537497,168.1912252,0.079448716,0.398675947,7.548674363,0.248160569,506.4645751,1450.648908,0.13892616,0.011440512,0.023817173,238.4490877,5907.691141,0.16434274,0.042103507,1.531230686,23.88435045,0.287901514,0.037814452,0.112627444,1187.630046
5,385.540053,0.035867974,1.156317225,0.027011377,0.058926482,0.069732617,894.2062478,0.015978354,86.7560973,129.7786883,0.04584886,0.14010015,0.019251441,4.275693525,6.646028195,7417.067719,0.083080125,0.012103768,791.2252804,6617.575561,537.7127006,2099.750958,4919.8027
3,144.7117625,0.07317426,44.32286778,38.20658344,0.020023253,0.19323763,7217.167857,7.177394498,8441.332186,0.015572737,13.96133239,0.048932817,17.59270884,232.6839808,8689.587124,1.373351,4.909585001,0.109976285,0.395832205,18.56484005,0.534058797,0.099797547,0.572301957
15,7633.31467,0.064007402,5.808902158,314.4780222,0.055474548,0.010159101,0.03673023,5.714800731,9022.051865,525.8773925,181.6643166,2.617152803,0.267491805,243.2138815,436.5569052,142.3240305,178.602011,0.246171248,0.801919194,295.2603839,55.80900447,3.91920246,910.8014347
3,980.1936645,0.03025988,0.545065947,763.196938,0.010261614,0.082673298,44.31472156,0.770626739,143.7034675,1.334662064,1.284697932,0.035350446,0.074015713,0.826486061,60.59262791,90.2565243,2771.523628,86.95017592,106.9531468,1.523949451,0.141180778,0.029263543,22.9747602
15,5502.756408,0.097411967,2948.204061,122.5028064,0.073499074,0.500852136,93.86584677,37.37349735,2619.15101,80.49109658,0.555729076,0.09422993,0.055486633,1776.219468,3627.963346,19.16121554,0.109063602,7.185281236,1691.324512,32.27227347,0.149865726,14.13476774,22.10875629
9,1457.573389,0.357396444,2.170863727,1377.233555,415.5151033,0.315581299,1386.22734,0.031059449,544.1386227,99.23311136,4.16893882,0.010895165,0.076184966,283.4425398,7704.515258,37.71763994,187.2139463,98.61709783,1059.684132,10.05325448,0.16356945,110.6908046,6880.534769
9,2507.960079,0.299021013,1.831269383,1558.756055,68.96748185,0.207233495,107.6237734,0.346190249,5683.665432,1089.018,1.529867622,2.01712931,0.017186486,1702.42385,4870.290196,0.039383369,0.324037599,1042.482265,969.5207925,526.8417376,3.28559105,0.314111224,45.0735951
7,6.715024377,0.648424162,1.291992687,0.184244448,0.045800343,0.018562537,21.00251855,74.46265813,5677.672656,237.0324762,4.371207736,0.020975212,0.307900251,120.1596812,5533.147911,4.565058152,6.377711757,57.9106729,554.6477537,66.23361542,5.94288103,1.100847176,1304.895488
13,111.0347933,0.047967958,164.7186896,0.933290177,0.262285849,0.194541242,320.2465889,0.018300776,1856.68316,732.4155803,10.23086976,1.233250665,0.010262485,6830.319474,2316.143098,0.573515692,0.157628192,0.394991344,0.375490781,0.70714941,0.251686838,0.727302892,2904.304466
13,2.301410176,0.316444355,9.411035177,2203.884922,0.073510047,17.61954954,168.3596592,5.805560423,1545.163555,6.075289042,4.734853661,0.07415712,0.022085373,10.43405277,5440.106892,0.878072777,27.8882699,0.509801669,0.659033718,0.136109734,0.031248063,0.040318607,1554.175795
7,8720.14941,0.252402829,2.337696719,7356.087993,0.214043025,0.026773503,2546.651435,0.26129551,7755.810788,0.339544762,0.293652853,1.004884277,8.96883088,6456.7973,847.6546421,350.3448911,2.224398665,4.175305484,86.13194693,143.8346708,0.045592643,0.264020773,0.352885288
5,601.9671003,0.207015239,3564.080462,3587.301258,0.411611029,0.044001462,1357.598084,8.031210181,4763.254414,0.031372771,6.942352983,13.18809466,1.8496697,4434.690032,5378.545655,6.369201107,0.26043509,29.42871497,114.8969195,1998.341054,235.9826944,0.024384878,29.32605298
7,511.4569717,0.201728802,77.43312353,8444.953064,202.796485,0.414999567,85.77854463,1.553774208,2687.095596,208.5175459,2.254735328,3.898686106,0.374517078,354.746298,4631.556769,1151.482848,1861.496284,0.375101617,4.146425663,6303.925916,69.99185473,3789.896634,5493.816822
3,6816.049029,0.016573996,905.4952659,5405.113461,0.016242848,0.054669481,176.0114778,0.413420696,2877.711624,1.269528947,0.282487101,0.018591125,0.018924811,21.36102514,1634.301222,895.0056008,2484.247142,0.016525481,0.047804321,3.230632968,0.579686621,0.021146809,193.3835936
11,0.754355603,0.431584057,3557.605053,5141.380341,4.490150511,0.081336457,4072.108624,0.073546249,485.6975949,24.85068112,3.062942539,0.025978149,0.012311152,95.83372292,3911.101258,104.5049275,9385.263937,11.70866142,8.066364832,1.650758953,0.097198291,72.44194942,82.4252656
7,342.7672602,0.248954171,1.221629235,4.508472944,0.149207415,0.01668521,699.5710288,0.040311886,2102.766615,4.06371469,24.12530638,0.652160059,0.083835436,732.6602214,882.2521843,2000.500059,0.021963129,0.010860609,229.0055743,38.73344092,18.13855188,7.458048675,3073.637147
15,732.6968897,0.02024145,0.331442472,666.2444958,0.124110664,3.110612072,3360.737017,5.755584315,1841.320745,0.511653452,7.375298301,0.887301806,0.754533145,57.77151874,70.43609325,0.018023618,0.017366738,1154.804551,1145.822842,5.646889168,1.044815844,3329.476456,5044.48204
13,2.531548497,0.28485621,78.4207612,133.0109715,0.017563231,0.481779092,681.0020003,0.073730544,220.2424812,19.78792182,5.716106569,0.878799853,0.174565512,756.4178849,127.5656032,0.184289755,0.043123214,3.462487588,4.013537388,3.310208455,0.6990102,0.044414146,5.661201965
1,324.241758,0.220118286,0.317773945,2686.351377,81.2276815,7.176891931,4952.123717,0.01719048,1751.129964,2963.874291,1.149077215,0.565714043,0.02167208,1237.695271,1819.58831,4202.13886,98.85585217,3.385389458,588.5510877,175.5421431,4.707562566,0.996295846,2027.658074
11,152.5575019,0.619038115,154.1188414,2076.457291,11.94197551,0.235987399,67.58206356,0.202960136,1560.882769,576.8607756,0.309026934,8.546494367,0.061034795,276.3288339,795.0285465,24.41781356,248.4260753,74.84009666,52.04717812,597.3417618,1.242170692,0.017255346,6185.058354
13,94.76586653,0.335613782,2.526213633,16.17235232,0.024074266,1.278768364,92.2268495,0.050443198,43.49752746,133.823501,2.926872188,0.029000452,0.023849595,2474.613702,66.06497391,8434.939858,0.166233571,0.023607278,97.73836398,0.558252511,0.023736502,0.501963813,189.8300088
11,1.071157857,0.019674172,0.011637236,305.624802,0.015203992,0.048344169,303.7561184,1.706426175,9649.393127,56.12118659,1.99136086,0.297804267,0.037172467,5948.622015,6612.544627,1.256533808,0.010059249,22.05786033,1403.025375,0.926248902,0.02060305,0.020207058,43.6138277
5,2843.391242,0.513956351,3.799091256,651.5473477,2.031178339,16.0116978,31.80695573,0.127094253,491.9725618,337.723031,11.65709647,3.517465288,0.153730618,1365.999766,2811.924346,52.03238265,0.462659577,2.60067,457.7131524,236.132359,23.52122799,6.523985968,870.5371234
3,330.1777536,0.014997996,6892.488467,189.9223049,0.047496118,1.222507282,7087.156907,0.017991581,669.7065065,224.2288789,0.818721562,0.017295398,0.025318984,8.662532343,435.459073,6.583290235,5.1897044,13.34756338,201.9688365,0.095418161,0.016360023,0.149843107,2.803433059
9,750.8430168,0.20473218,0.030431053,48.73512614,0.015829724,1.707503591,5431.509188,0.083466908,657.8689986,0.038262144,2.926068228,0.053786204,0.755721526,5857.129813,101.0971919,223.4357953,0.116413688,0.021760062,0.603057005,7.829579127,0.074723355,403.3925625,3082.055108
13,6186.248145,0.70440373,0.024070052,13.65865479,1.482320873,0.033374791,864.4942612,0.015050673,2634.390867,54.14873632,0.719322864,1.150565739,0.180355621,43.24773456,544.9859501,1216.029854,14.73396004,2.848380534,1465.402647,15.00456617,0.044610662,0.760006338,20.24761499
3,833.7363349,0.342118344,2.755258432,8541.992468,5.557812396,0.017101428,1.336093045,0.656190785,82.46112764,428.3195448,7.396466592,0.085591204,0.014372544,18.04981241,824.0180999,8.702118054,62.91209367,0.049026714,0.159269455,975.5854309,501.9257495,0.028886626,35.95223887
5,0.035029909,0.203654227,0.038270246,1060.750177,0.058483329,1.438369529,343.8228822,0.580392772,964.3414519,0.223774469,6.125046103,75.70496884,2.570680366,219.6483583,307.2128691,47.22368977,12.04763093,220.881612,1453.495281,602.2648912,8.565909336,11.97502107,24.03058781
3,602.8799757,0.020641655,0.501028992,9194.618566,0.167341089,9.651743088,5148.120948,3.138643959,194.6171884,672.9775777,119.122499,0.04667669,2.381502429,4905.977677,2798.335706,220.5593689,5.183380912,168.3948111,3952.050858,8675.348374,4684.678402,11.00362549,3480.902648
3,11.33198453,0.05347167,0.024061819,35.72463336,0.029333158,1.433752122,115.5216756,10.13172094,5286.529117,649.5501132,10.69208908,49.23426038,1.10959661,1622.04938,9659.808508,19.44570193,85.64540421,28.37722878,110.8485451,120.2979612,1.116663644,0.527791092,0.757084602
3,0.279351161,0.056000896,0.022521772,7828.15798,2.336646198,0.155804056,5790.368033,20.1687087,2303.869869,50.17103132,3.023130247,95.92256454,0.01812662,1904.72494,2218.148769,636.6230692,0.02463479,0.199239822,9682.395943,3287.607407,17.70617128,739.1405731,2228.17088
1,0.561937168,0.038994018,3.811438669,6451.161714,0.066620981,0.372566077,108.237274,0.034026019,6759.889874,1417.520054,0.621211631,0.022777929,0.124309094,6.900905404,30.87887099,112.3174157,443.5290498,0.813821887,0.89477541,2.568743943,0.238148965,0.012263135,38.27682746
7,1.240471251,0.325074611,0.551457692,906.9784853,0.016166354,0.011547284,1273.704069,0.052269384,9724.822994,17.21850266,1.203718215,0.019452509,0.046029528,5.089739992,1395.930101,13.76898659,0.022246982,0.194982859,3424.543106,38.71808085,1.041657628,0.179473078,413.7179756
3,3349.011078,0.034271679,82.57927736,26.83209239,3.515224021,4.011650462,446.4488072,0.048644874,110.6793277,2128.843443,0.245382451,0.754826584,0.066242549,20.11062456,5.427481253,446.2721408,169.3032368,0.063907972,0.06675417,17.36067861,0.341786262,1.309259887,497.9638662
13,270.2803539,0.030776695,0.010101596,9054.854141,344.6442301,0.111319515,8724.19195,1.832901013,375.507175,1.413179887,0.130280182,0.340723118,0.024370422,125.7988972,1053.778334,0.13681058,0.677791639,1313.896497,1027.894331,2276.619548,90.91091078,0.583644808,1864.205527
9,0.124983007,1.13969787,1.607272058,900.2471027,0.028045884,0.385714242,2042.426504,0.011601048,69.50032188,3.728004422,7.813527729,1.272677679,0.326464161,2746.176195,6696.189846,0.02356656,0.01070025,2.437650509,13.64584047,15.519638,3.988939271,0.317038152,12.38854342
5,3.584937246,0.031140812,438.7029662,224.4594352,0.015352093,0.953955391,264.6619834,0.084736382,2786.571607,1906.379596,0.088949468,0.550523273,0.018253907,32.63865124,4.972756722,3.086995917,0.025450447,0.941561609,23.82859872,702.1386984,14.96860674,7.035886956,8247.170048
15,625.433669,0.094245124,63.16727873,760.378386,946.6295407,0.053360157,6228.373184,12.88319217,570.2209665,7.761271985,0.195415721,0.218609046,0.040069134,5.25985873,197.4386526,898.0915576,4040.673982,0.613883662,2.092985474,6651.664738,106.2549378,0.013595419,1.42324564
7,0.07641861,0.051400088,0.012330809,53.26968143,0.018477543,0.107145914,0.636924887,657.5224643,9055.95629,171.8826996,189.3013869,0.026007301,0.045917194,267.2059049,8287.420856,4.22670102,63.11396762,73.00685886,110.5584675,1435.704721,195.9267132,13.59698859,871.2793939
3,0.069779036,0.30063184,0.122477562,3231.314407,34.66011421,0.085214799,172.2499193,0.128272754,45.54220504,28.49111728,0.053474596,0.077771826,0.018719141,162.0388393,187.7531455,31.65814473,0.037436132,0.638945032,762.0126298,1124.912505,6.481759632,0.138825737,5.363470169
11,11.03724392,0.107163287,75.16482715,856.7791496,353.6768237,0.02328652,9424.112589,0.32717276,1263.232953,2.976894185,26.79969765,0.729946681,0.171771052,68.69865852,822.9024112,0.326628273,1.06835982,0.087602004,0.211175226,35.42846126,19.82795991,0.131565822,0.800957045
3,175.5304478,1.254418671,1.324734451,1538.329502,0.07281642,0.072309376,3.207311188,0.115395237,616.791183,83.65483419,27.39348002,0.021563428,0.206856636,6982.473705,45.70295645,975.4320435,4.440179901,1.765051191,2.122966068,0.426871881,0.019344511,0.038422236,7.686200126
5,3.157826549,1.531630776,0.051075402,602.0540941,18.55697032,5.81340429,9163.367088,1.053851827,8022.588415,45.87460341,13.02786122,0.044455443,4802.768068,745.3562829,4314.30924,0.849796524,0.337402597,0.391495484,1.342066641,113.4851692,112.9808325,0.027649187,7.187481295
13,5138.503324,0.087205427,0.797294052,654.9760895,3.335870307,0.012829177,0.33763346,0.920957558,57.63164272,630.5612145,0.166523919,0.067194286,0.039818448,897.7801915,3500.817195,0.036702599,0.086884349,7450.181707,6342.299096,589.9503175,55.26137944,0.065519766,154.6855748
3,971.9851121,84.18314944,0.023225461,1098.452936,397.6818593,0.048793113,9966.195272,1.386783144,128.9314659,2.685437763,0.869986811,10.00307692,0.158163424,117.8028261,43.35485846,865.7552415,2.56735934,0.98733646,77.36377066,5.38216331,0.014398222,0.024910054,714.1065684
13,0.828283312,0.356985242,0.628999894,3980.016799,27.3576818,0.052340083,1245.209858,5.474280963,2389.493324,0.239899874,0.554997951,0.677195472,0.058952197,6581.801496,8353.896644,0.732358695,0.022081517,125.3475168,342.8912275,22.05511466,0.466784226,0.033321256,1891.82779
13,1612.434402,0.061558258,97.19889758,1223.116059,0.441926887,0.018623838,0.147529648,0.384200465,1360.818435,246.3402156,6.038297737,0.080669204,0.396884419,2605.924429,2684.84989,9.09274024,1.16326871,1071.660563,4588.376822,68.38022282,6.382789182,0.206943914,3752.949129
13,45.58228525,0.011416329,3963.398706,120.3838696,0.092139399,0.092831197,1975.135632,0.285677751,14.89033326,13.88879603,3.491683269,1.601920685,0.044443192,9549.398425,249.9764135,0.277008348,0.016863277,0.72689288,0.754348813,6.787290384,0.847090176,12.21059165,264.4015721
3,0.995915065,0.020550517,9.102624838,86.86268168,0.046730011,0.051168797,485.8625385,1.164434618,6399.962532,4.087163345,0.236013791,0.013505382,2.053649952,90.39426114,740.6412012,1084.001874,20.04139578,14.88396044,4230.97913,2589.892515,345.7424397,0.026044552,0.101246406
5,193.8717568,0.019073563,29.91120577,2832.457974,23.26334044,0.016432984,4314.315858,0.09193843,70.99313783,0.406702208,1.458944268,0.215442272,3.665108172,96.15843833,133.8661178,150.4749085,0.981967739,0.144422704,124.8981069,5.038372548,0.132239875,0.062373315,0.110443503
9,6978.824404,0.037262045,0.216999686,41.91890736,0.483466139,0.061108527,345.65949,0.053474532,5806.020628,6.481585046,1.215000914,2.145108271,0.037121855,52.33766235,229.7451759,672.2811255,0.80304158,0.221149481,694.0257598,57.64700163,2.96534074,3.539331955,528.9182682
7,327.1388853,2.59839929,0.33893386,2685.835081,0.041421093,0.705836331,0.139749543,0.131406597,7252.641255,1238.246556,0.684053857,3.800455266,0.013038586,8865.064688,430.1476832,7608.560014,0.256032563,1.055501662,2416.322701,70.1150494,0.345944121,78.80500234,5069.285429
11,0.154187947,0.526815949,6.254875649,7169.878522,11.40890845,6.660717323,1045.16673,1.113206251,2621.064894,218.7869121,8.463607201,0.098946691,1.318600118,147.8753425,2431.681548,4067.490124,7.063840381,0.209102761,276.9502423,6.543140593,0.027678714,14.08733182,375.5410501
11,4.80667958,0.302345135,285.0726077,2739.088044,0.022995846,3.88961189,77.34929429,14.51652843,2066.225665,16.50644586,0.561613314,0.31460358,0.014032856,21.34252577,2176.495587,1325.56161,66.2413237,2.279442475,239.2434985,1.451461923,0.083223636,5.358842529,578.4155755
5,864.1421596,0.195319449,2507.24731,534.9506164,65.24899046,4.567144596,2345.873872,0.023762417,24.51501132,1138.665627,0.237053081,0.083811939,0.154166703,3239.722146,2149.85252,3.918579301,2.598245454,0.018431702,0.017254347,69.28552568,9.275847736,11.72043484,12.42413471
9,1170.896958,0.082329118,0.03444635,11.74942571,0.553590741,0.011947481,1.444285154,0.010873641,31.13439468,1631.311404,5.989607986,0.590614178,0.11610481,2207.997707,56.59340668,4851.13405,0.031211452,0.024307797,96.83612471,1.950675288,0.970974551,1.061486768,3.508853489
1,60.89156378,246.6553381,0.728585191,6634.019923,178.0635227,0.011503844,0.72029574,7.443203842,425.666648,1359.887767,9.960506537,6.934341501,0.01739897,251.7811484,409.8156426,0.681753729,0.146369453,12.10259347,64.80224336,2.106114015,0.461537611,0.169289256,773.8916904
3,9186.305422,0.355176598,4188.623164,269.0920453,0.024521674,9014.784176,4484.966535,0.010051938,1526.473414,4420.161514,0.049521364,0.047259832,0.017594784,0.342803332,24.49586319,0.040322705,0.098589551,0.013788164,0.161493509,3.583671907,0.073424017,22.61598821,381.131184
15,355.3419727,0.010061085,12.9739236,5.323013108,0.129478366,0.68854727,1935.886268,3.354514289,9084.530396,20.979801,9.646028891,0.011632602,38.24031159,1294.19797,8942.055441,8.118840721,3.574060646,0.573861465,5.817847285,25.50096057,2.343581116,0.016602746,0.270482181
9,61.94408417,0.18948701,414.7160244,2462.388181,0.579713947,0.483600004,3639.822199,11.63209178,655.9825692,26.05362945,33.25506799,7.435402614,0.016928778,362.5848928,4350.942893,0.683585265,10.36676662,0.099747327,0.084835721,181.5074129,32.16087392,24.03940214,228.466253
7,12.11220972,0.169850848,0.186548178,2218.938366,5.780396935,0.021936553,94.74442215,1.825621526,1551.162078,437.0080955,7.491536556,0.098108581,0.019551911,6.693832641,609.4954294,0.189539377,51.00402515,0.043276162,0.030171925,1.693317361,0.408989713,0.048536111,0.349390959
15,7416.92065,0.042985296,0.748546723,4464.986329,98.21131331,0.012306556,443.7134088,0.032921995,1794.273858,0.152798811,1.102251965,0.07211535,0.286597536,18.08244066,1132.805442,38.00961318,0.124409128,3.672227038,6889.401573,485.2624675,27.0999148,0.037865542,25.16189421
3,0.057563075,0.010727402,0.214211725,8516.185547,13.17272455,1.968688283,1933.561338,0.067384709,4814.31218,8.175263192,11.77746521,0.33166674,0.015430204,4073.473097,5496.029249,15.04643897,0.053234533,0.072574814,5.86396037,2453.692091,496.7786641,0.018494437,13.09754411
9,0.25585667,0.202843397,0.365009878,357.795469,30.62117436,0.276509898,5394.49466,0.01239868,7098.365744,788.8898522,47.12848393,14.99485963,0.010828084,251.8791312,426.2613367,198.4681156,801.6978546,875.8971105,1535.44585,1.568549329,0.096298071,0.012447542,34.01027344
7,0.6790247,0.050062554,2812.251311,8793.867503,0.042944145,0.094710952,18.64050937,15.93101397,342.937185,6.335922259,4.364335859,3.426452287,0.010940045,12.18664397,462.0950319,1.715870715,2.115571017,0.017733818,0.172963776,4.707352474,0.788150372,2.603372419,36.92299471
9,0.040444923,0.39743707,0.166715166,726.6037807,0.117670851,199.4252086,6510.027914,0.166473251,7765.167428,52.03434267,0.691901053,1.011564272,0.044015779,18.2889634,528.8869283,15.07036574,44.80973534,11.7748433,24.82268223,3.380175393,0.056554511,3.051048914,64.5861904
3,939.321698,0.830263313,841.2400296,3270.713678,0.011078037,0.017591862,1.759628698,0.185000149,2527.8509,10.32856382,13.2609285,0.097174271,7.092873965,23.99832697,188.7470181,49.38445977,9.213273831,0.030197356,1.102356973,6.578077679,0.016713029,1.596614841,2.212845014
11,0.097489359,0.149403574,3.339534077,0.532385152,0.014786347,0.073848332,441.6502001,0.030596696,344.7989948,498.9138757,2.908413318,0.293563227,0.017649674,5662.054222,96.42375057,2.481266307,0.011747629,0.045749261,0.11790863,0.3086365,0.109013656,0.018002023,0.073234268
9,6577.516899,0.012938241,110.9538133,2.517361663,0.844229521,10.65254576,9234.465565,0.022785964,2475.443347,1409.726059,1.540315917,0.026251793,0.315386662,2147.380154,2953.447732,199.8388318,0.045688265,0.36449252,196.6002453,640.3639178,189.5844065,34.24430988,2818.430427
1,0.050271203,3.564779003,52.91308999,1701.90847,0.282751162,0.011064976,431.0517721,0.011346311,8913.823633,3894.23098,0.400005725,28.48225192,0.107035078,98.31729621,264.517267,312.117407,0.484620823,0.112369901,254.5610664,709.1507369,1.471810764,0.061168374,14.6812374
7,472.6887219,0.156508911,12.55304189,144.7142662,0.016252426,0.091599329,0.901811877,13.23402688,6556.455502,340.4894713,3.214130056,1.471057357,0.242024375,2679.828653,1321.947789,138.1277832,0.014754747,0.286422332,2232.01943,606.3087084,7.338876264,24.19739308,102.5363791
7,1.90773271,3.068710063,4.773543524,1165.834749,0.037911281,0.75458468,4171.469663,57.11014948,4386.119238,95.80328925,885.8783772,0.023186022,1.131854443,625.2718393,990.4509805,4794.58721,2016.844715,0.088778598,0.339343308,2.450983232,0.02076905,0.132997057,837.8974374
3,263.1376155,0.30940878,0.066550408,3543.390566,59.68344351,0.870107533,33.29615001,52.59178686,587.6571786,55.37316142,23.32992194,144.5036333,2.655667761,5890.688668,1520.455218,6.305977175,0.017685776,0.010276549,0.733261458,818.1440594,41.65537985,8.324300967,789.7678271
13,7286.253891,0.681266237,12.54865286,3957.374474,0.047329775,1.816543845,138.0201283,0.015913697,1540.949271,33.91698712,21.79935704,0.225316792,0.101684035,436.8820898,2081.92682,4389.136024,351.3161567,0.062007583,2.452298733,0.983278741,0.036457813,2.722317615,75.97931578
9,1988.596193,0.170507862,4260.698711,256.1823569,0.021964517,0.028850088,280.0695121,1.4477602,4561.562238,0.019964015,2.317424475,0.363882812,0.999607652,431.2472259,711.0126566,11.10003097,0.491935379,38.94258947,1732.007493,875.4122486,1.785407762,0.105344538,2532.217662
7,0.030021702,1.211014685,0.011788941,355.406947,0.030541501,9.877596803,1204.327124,0.10634349,5304.392045,310.7645789,90.024324,1.606063788,0.087312476,179.8096438,2719.782598,1995.825788,28.01572452,0.628752996,422.9218228,1.799538881,0.620910713,0.368307929,9541.832287
15,718.6735189,0.141266622,0.041751098,3486.487014,0.054110147,0.012419189,59.13546882,0.050041005,3.739165649,0.033543013,0.372194678,0.032609912,0.046298616,5587.516447,29.86370031,1611.274426,2.305324249,617.5274303,2265.650158,0.295366109,0.010808477,0.046314733,0.169343699
3,376.2548749,0.010376008,659.5328846,8739.069408,2.26603724,0.410110004,1318.698181,0.169675532,9785.31302,0.472273633,10.77280118,0.743346745,1.846952765,6.252561111,465.3195966,2186.682889,45.16071905,12.20165122,8752.260111,34.92996261,7.973518211,0.111930531,8193.360083
11,86.96447428,0.354563162,11.54617626,2634.395017,5.091835858,0.078694414,151.8419893,246.753574,6934.629834,0.263438923,0.745747752,0.081193013,0.06264113,11.34624084,3971.209778,31.10771902,17.32643844,0.135197285,0.619465346,0.665750792,0.041248488,0.072336746,3377.130693
7,6.413346457,0.272057153,0.013301484,2962.748623,22.74529137,0.082115903,22.48596258,5.12925666,6751.992076,92.98003762,0.787215115,0.064034123,0.165451509,4.988946168,3225.093698,3455.03354,89.15175672,2.881965822,1749.583119,3.172609714,0.060927681,0.057868287,742.5191109
5,879.5110828,3.733533114,0.086112445,2950.014601,0.264218871,0.018062955,2679.978619,4.471800416,8136.225603,33.29728078,26.93745921,0.043359172,0.011565795,937.4222854,171.8233096,7.653997451,0.326809002,2227.877799,5760.827007,45.42765688,19.88251797,0.027692764,9914.969042
3,9.536335475,0.334479282,0.58984893,22.65370233,0.057703904,0.060173287,29.6525525,0.04006933,867.1006925,522.5885225,1.187619765,5.876157321,0.118423203,517.8038413,29.33406998,13.54466926,0.013143459,21.2011695,1024.358919,353.6794074,23.91217828,0.103090661,0.90692437
13,1.675753565,0.117547084,0.014360723,6641.113653,0.052939946,49.5256661,630.9468871,0.73803401,6605.164051,2.928903804,805.9619376,0.010592284,123.1284004,5142.553472,9297.177357,92.41446201,0.545732196,0.013639223,2.149962764,267.3601318,0.137054039,7.374582152,1257.972583
9,83.19326535,0.086959728,0.229708217,6.80887166,0.505321184,1.773619974,2473.673223,0.269811011,1280.667621,34.69257914,1.704697238,11.89185428,32.37677337,13.76456067,215.6177836,15.40188363,0.027978547,0.722992768,3152.569644,2.761285766,0.685969245,0.012314601,0.156700695
9,494.0671606,0.041260559,0.054869495,22.35415379,0.034121024,0.015016447,514.3511559,0.019464333,629.8920792,285.7505969,0.242586122,0.46022764,0.088432797,379.5219352,317.8656118,614.1288204,0.064745267,0.337848157,2754.519622,1068.568312,89.44522411,1.031754948,16.21567014
15,33.83304305,0.609284968,2.695177697,21.75857687,0.045734003,0.029239811,60.19007995,4.905097663,6109.875675,583.5800245,1.133591375,0.025862681,1.109515868,3794.129939,8272.612774,0.039178399,0.010902205,7.663378306,11.11949463,39.33032468,11.60047681,0.185496602,0.996723576
3,74.870001,0.066282632,0.547746421,4566.704657,83.75724479,0.03356543,32.22077655,0.010641283,91.36226116,6.982603555,0.70811179,0.011673742,0.011448463,9150.109252,7706.858474,3.983973957,2.289875065,0.01950267,0.017435134,26.52322506,0.712371705,0.216305919,2186.08298
15,60.58943521,0.223209812,0.826513475,418.3634066,0.301536787,0.015356341,5267.298873,0.089142049,4579.346435,10.19170922,0.696087549,0.635339111,2.848391952,33.4517647,1.824888054,5757.73085,0.350183908,0.045297625,37.93770763,2.021017337,0.388871625,0.019517676,0.296408262
1,0.019501992,283.0207938,0.134752622,277.4650184,3.984591556,0.016183946,739.4258646,0.139756867,167.2464446,111.1344777,1.25413646,7.906142736,0.056102068,12.70679825,119.3831884,37.17264104,8.110752299,123.6873038,5084.456319,4.053120123,0.132350383,26.49036721,52.92678768
13,9096.481428,0.091422583,6137.466142,145.5144592,0.180357486,0.018596771,45.83785318,0.076302888,9700.494253,65.43943646,0.035564866,0.167478805,0.017711845,9.32530539,1110.865157,825.5613377,3054.817325,0.922183377,4.913282458,7.011178386,0.038040637,0.03421139,1.677577573
3,1507.177659,0.138932989,8868.709525,9443.810612,0.418538772,0.087794482,12.22389045,0.08340206,1474.583674,9604.483541,0.615638435,0.767669614,10.59310249,3632.206274,209.4380864,611.6466222,3.040917505,0.022697728,0.344938435,3.195653437,0.019250885,0.027755823,0.12385415
11,0.132213759,0.08972662,14.39460616,2955.948729,0.012972234,142.9945753,831.2459492,0.081091261,134.094935,37.04872668,1.511506089,0.179617891,0.020816747,684.4323431,1875.621486,382.0406023,6.130953861,63.07512153,5557.435627,1219.874164,78.27399551,1.130611493,5575.140834
15,6169.154921,0.927420286,0.871788922,2908.095739,139.7412584,0.080931886,697.4635001,0.962872428,6742.509243,2922.28848,2.421684941,0.038004061,0.062694597,7351.781187,8166.152687,1099.721517,388.4326243,17.11539324,449.5301031,20.14737467,0.018523074,0.225980462,3.914202236
13,2037.184162,0.066640211,0.836966268,44.3051424,0.05078247,8.855935846,2832.507161,1.029036686,6.698530215,160.6397082,1.426691014,0.29446789,0.023076862,59.77926599,1983.418433,8.737406146,527.2665967,0.160613504,0.108087426,3008.703736,906.8988629,0.049879354,5.76365724
5,62.83213529,6.017267649,0.016762615,5251.643548,0.11471814,114.3232893,8845.798952,0.014046565,39.6558227,50.56593935,2.022645165,1.047022561,0.13684802,1487.247044,430.2064451,0.035467047,0.043271523,752.3652814,1071.913909,10.78012148,0.044460608,0.034562241,18.55733295
9,1236.655498,0.019053084,5.122790496,54.4997407,0.14258466,0.578361013,3501.701394,0.012360675,849.5130205,0.122103248,1.059024771,0.021600581,0.062214086,967.6186444,741.318265,861.2463761,106.5480604,2.944356118,14.18199085,4.890982255,0.059122108,5.011469943,17.21983943
9,3877.010538,0.038843201,0.590722639,77.36142834,0.022926405,5.952189605,7932.460696,0.998124304,1668.688752,66.32418566,0.328254569,0.03851529,0.069407755,557.2008365,383.0284748,0.493415226,0.127077146,64.16881145,106.8507671,40.05517523,1.181702159,0.355959621,0.847520774
15,233.0288441,1.234582328,36.17171198,1.815696563,0.287682092,0.956669806,5523.952941,0.039214794,342.6998417,41.67393338,2.19724759,46.00570452,5.308409363,151.1389685,2952.681008,0.013335478,0.16503439,75.14401664,138.5446827,324.724671,53.0562919,0.10432498,0.28203728
7,864.6098152,0.302739367,9.377115025,1351.014267,0.042286876,1.300755351,0.012936948,2.235744633,4106.600266,656.989246,22.51815642,0.722944515,0.028555651,292.5306407,3582.716635,2251.563416,415.2817663,0.866552255,8.916031678,0.588887334,0.246019795,0.011166941,2.338758431
9,229.2642289,1.211527208,27.56346425,2100.997326,2.608555947,0.117021283,27.78533058,2.9212856,6254.330035,8789.237015,0.07552441,0.090149469,0.01760363,1277.503792,124.2675359,2.701111351,0.029647514,4410.584016,7491.812986,5231.543,81.3769538,0.011748961,12.17312011
7,497.5458397,0.056959459,1.415479448,325.9045163,0.651107669,0.725903717,14.57904926,0.053947664,3419.020941,8993.736362,0.226521236,3.832274683,0.015010341,634.5302631,22.52822758,5704.438599,63.92503805,0.048051048,0.150318881,19.89180794,0.344191183,0.039578341,722.6134188
5,139.4749209,1.554968544,1.018448302,1132.535014,0.240277423,0.259152378,4578.181319,0.270540586,1194.223572,1.416078208,82.57561786,0.017183029,3.610551922,171.430565,1762.958256,2.053539208,13.1998499,183.4960473,251.0375461,4.448800632,0.383866246,0.099769842,2.45582444
5,164.0936474,0.043216426,0.052814505,2825.0015,13.08750849,0.264395723,3426.495013,0.901618196,6333.533044,29.0842701,9.95352167,2.480828196,0.24390644,8492.146629,200.9674541,0.327380134,0.015132192,16.67055114,15.21830025,159.8525046,12.82164565,65.07605524,279.5954933
5,3.998078842,0.023662008,0.95538326,4687.844123,1.688283643,0.986587372,52.98054895,2.205627428,2529.398343,284.630123,65.07815106,21.78765451,0.326639597,934.7577032,1348.055571,3.930043113,0.95603258,4.811746338,160.7445412,553.8989694,15.66067866,0.071826229,2.968773858
5,6018.466441,0.05856216,210.6192029,50.13844641,0.011204632,0.208203257,2254.891579,0.169393091,9560.015371,5.877111065,0.243897611,9.766058156,0.019264466,1053.017601,594.2406161,0.435970677,0.035825707,815.7506914,6494.005276,70.9047762,0.143046009,0.184906765,2420.907224
15,0.057756717,0.036719924,153.9971742,977.8056755,0.260287245,0.014990788,62.03965596,1.177691442,1146.255941,270.694273,16.80847727,4.579703614,26.53165958,61.919628,700.2863659,12.1298976,1.468144611,0.680568495,38.2637966,6.301646019,0.266017316,0.068492964,1.1169849
5,1.975684952,0.702184091,58.48526399,8.433033225,0.719815452,0.057073306,2744.558593,0.237386699,5038.290011,330.7909187,37.7860226,0.033668508,0.383770401,612.1844589,1038.778202,0.067111793,0.08741809,109.5724632,693.1857819,759.6309426,27.54919765,0.22802634,29.23255671
7,4886.183625,0.614503179,21.21325123,0.285636389,0.629019761,0.024228704,936.2859017,0.53130678,26.31745148,157.6659015,0.196524507,0.043010056,0.170690665,8352.741103,1276.792121,33.43892468,1.513968727,1.247505039,9.241961973,1.293177293,0.05743946,0.014064121,0.021730763
5,37.63703036,4.554942966,1.619371817,2861.041619,0.443696815,0.15007224,698.0854459,0.051069522,94.07270505,74.11304582,0.795585197,0.011701894,0.031147921,268.2850775,100.9993306,790.4323298,6.58227391,0.136111927,58.56958956,22.58443243,0.054002001,0.345011724,0.461638945
11,9809.336381,0.715315078,1584.573735,3745.087092,0.123946301,0.053064971,75.85600297,0.308332883,6800.433032,52.4852966,1.24688439,0.011395748,0.469967404,12.35228449,291.6043731,2.703738382,0.203983955,0.621598341,70.11081481,536.4549312,20.1310354,0.016916634,13.55986611
15,572.7270606,0.36377289,2.583399109,6926.430771,0.018479883,0.797025837,11.31351407,0.541290613,44.95724745,15.10580802,0.106296438,0.018417877,0.011328457,0.284982999,301.3612826,24.81492578,0.505257682,1.799124809,3122.10801,97.75705811,36.85294887,0.013518928,2.733756588
1,14.46878976,39.64286884,0.690260797,352.5097878,0.016235965,0.013297754,25.95825868,0.134887148,955.5032969,0.223704693,0.660896059,36.31922399,0.016774139,631.6536964,8751.501552,0.634800991,0.021004692,0.162386532,43.64821989,3.666375393,0.031426131,6141.392773,9435.028567
11,97.49290369,0.062399574,15.79784182,337.4950589,0.010821092,0.115820747,140.38311,0.061791827,398.8435399,0.246808435,79.43747343,0.447851982,0.182132655,2695.137828,8679.359754,212.1382412,0.270217977,0.024021916,116.070289,1651.395808,300.9055227,9.784399252,8273.921397
3,28.97824887,0.011244974,48.77862217,1.036637452,0.02706056,0.010475167,3693.340501,4.150401634,5111.154891,0.251260759,14.53753786,0.755333515,14.74802453,580.1826739,4457.609722,0.1023382,0.028888515,0.045384471,2.247540509,65.98447314,8.111950056,0.119330233,0.826386393
5,0.913429458,0.397270477,1.060979658,0.063853189,0.015708179,0.030789012,706.4092444,0.329066782,6943.360346,492.8041662,0.737030662,0.058995316,0.06248475,138.5091233,1458.814216,174.6513181,6.912427036,21.28137916,1160.198201,0.555067345,0.014192666,0.52880171,1406.396093
11,2078.022795,0.024275999,0.013162591,4380.417266,0.849722303,11.15648809,193.4131663,0.013401699,4497.072548,80.82806586,12.09656237,0.543469079,679.7672184,10.45041501,3328.022037,61.18212234,1292.892064,3057.858827,5075.920947,2.348064426,0.492831489,0.017709754,1.21311598
9,869.462194,0.310236538,1.416077821,5467.82189,0.032108141,0.030457123,308.1333171,20.37664602,5078.252306,113.5951812,2.843744025,4.224830151,0.016213307,781.9045153,1016.943774,65.11253955,5.598408021,0.027449596,0.328084432,36.43971215,1.39099131,1.324724597,1753.79785
